grid_id,resid_s2,resid_viirs,theta_mean
0,,,-1.6958500462986508
1,4.95952840538392,,-1.690339175905274
2,4.956627678135344,,-1.6915016810806758
3,4.62530187334638,,-1.6911129000809555
4,3.56900417199925,,-1.6939564007861931
5,2.5215507442936747,,-1.6941443172521455
6,-4.181392229755355,,-1.7004040930609385
7,-1.6336166980224105,,-1.696051863450101
8,-1.8716958811412288,,-1.6968358091786355
9,-0.5768111031300136,,-1.694697250226573
10,-1.2141348350826702,,-1.6976286241749559
11,-1.49054276368937,,-1.6960881092256341
12,-1.8683841849143459,,-1.696910335749009
13,,,-1.6953555144708836
14,,,-1.6954564469311
15,,,-1.6952922866481226
16,,,-1.6937520786514078
17,,,-1.6937124240593686
18,,,-1.6961970390696401
19,,0.5842047588711008,-1.6918121095894807
20,,0.158845949741466,-1.6943857220439675
21,,-0.48434839058058465,-1.6991595135662771
22,,-1.0795458961067648,-1.703521988628169
23,,-0.7707375348446134,-1.7013315739750892
24,,-0.6944528238450873,-1.6993751209400239
25,,-0.985115002357924,-1.7036543335990522
26,,-1.5907780545526722,-1.7081499000456426
27,,-1.323107224262049,-1.707105226242038
28,,-2.027153324286805,-1.7120639657939878
29,,-1.6113565318760021,-1.708311921214471
30,,-1.1414148747138981,-1.7049205216045653
31,,-0.650717096922756,-1.7016923143612837
32,,,-1.693740761844322
33,,,-1.6952600672239941
34,,-1.734886545430072,-1.7091898595394042
35,,-1.2706404406435838,-1.7054393139055484
36,,-1.472125243880697,-1.7064698457714313
37,,-0.9757880849967377,-1.7032834899471323
38,,-0.29445558240076314,-1.6991194063731032
39,,-0.4769458913009556,-1.6998998886236443
40,,-1.1356618029054992,-1.7043585096511074
41,,-2.5991216531978214,-1.7149359395900177
42,,-1.9559212891712927,-1.7113274593639773
43,,-1.1985070464328098,-1.7053658196346297
44,,-1.075906991052607,-1.7047965719020488
45,,-1.2500304243700135,-1.705316403126803
46,,-1.300267388534667,-1.7062302532243159
47,,,-1.6944544262743941
48,3.4656734764709376,-1.8433124222354613,-1.7060143956376252
49,3.5876895573187797,-1.6739532835544972,-1.7059645121437663
50,4.008087865714122,-0.8984880038974501,-1.6970971706961395
51,2.028176592341948,-0.4230865677907901,-1.6984811476118327
52,1.4785759436329244,-0.25987949449794223,-1.6956314911874315
53,-1.9605834724360638,-0.3537208930668527,-1.6981264313048359
54,-0.1412276456245234,-0.07494425321827987,-1.6967236127892544
55,0.6130627773955979,0.30643324023752533,-1.6923811623137563
56,0.07828413408881696,0.6725546395245552,-1.6912089326638977
57,-1.0929756457973157,0.67183193552622,-1.6909951882886756
58,-0.6412920618176692,0.8475701276757279,-1.6891527358626832
59,-0.9240459632406237,,-1.6986096541358155
60,-0.9310055312228638,0.9931678982764827,-1.6891846335779994
61,-1.1565241268719149,1.0010434439505922,-1.6905405222642247
62,,0.8101352963271311,-1.690993280623147
63,,0.47194470855611936,-1.6912363408425315
64,,0.4968881034140311,-1.6925269056245222
65,,0.5958335014891286,-1.6912678837599109
66,,0.48669695041182115,-1.6931532608003472
67,,0.12790767480854473,-1.6950251114985988
68,,-0.5214143012264548,-1.700732858105435
69,,-0.8880567548777842,-1.7031480104912189
70,,-0.6675954911529739,-1.6996700352185143
71,,-0.537866674363404,-1.6998701093988733
72,,-0.7861312320923106,-1.699808830446916
73,,-1.6028143972844526,-1.7083236345872221
74,,-0.9450039288787423,-1.7005754272190097
75,,-0.6047496001418381,-1.7008189732526038
76,,-1.0164497249645021,-1.7055719124213804
77,,-1.0140316765487905,-1.702265994972624
78,,-1.0008623790572917,-1.7025371257219595
79,,-0.279682129620476,-1.6988586496234752
80,,-1.3292288930746639,-1.7048024139307558
81,,-1.691258499264708,-1.7086175300399387
82,,-1.5128643193180478,-1.7069893533449474
83,,-1.3900323313126879,-1.7071963900983276
84,,-0.7078803226810454,-1.7007987442667478
85,,-0.15103164392118668,-1.6983309356567524
86,,-0.4266090447508646,-1.6997642042513708
87,,-1.1276625335823651,-1.702660094685245
88,,-2.1082212218982654,-1.711920974743297
89,,-1.6549252642467736,-1.7094201419957893
90,,-1.2184886226201634,-1.7048693438217122
91,,-1.0789414045344103,-1.7025653672653183
92,,-1.1124264630698117,-1.7040348143972919
93,,-1.2429699893517985,-1.705497536842301
94,-4.767787086883398,-2.675500122842704,-1.7184277685572018
95,-14.98509217628838,-2.9387986596579965,-1.7306105704034531
96,0.1635786489126283,-2.2621392207816102,-1.7119359430986167
97,2.2850222242139315,-1.2243557954951645,-1.7037977159384505
98,-1.4272947716811677,-0.241767973624307,-1.697531818126715
99,-2.621458663560215,-0.26327252885160585,-1.6992574906380684
100,2.210525562341905,-0.583121726014663,-1.6971431227339344
101,4.319738907971483,0.3642718098151919,-1.688403144067218
102,2.6413091052200244,0.8444936947501785,-1.6870671294784538
103,-1.4619443314917588,0.8576866126449768,-1.6910982951526743
104,-1.0242768331027987,0.8969097114914165,-1.6902660959978797
105,-0.3065575189710992,0.9407991638720788,-1.6896381962598928
106,0.49397677370118576,0.9950896939984633,-1.6865309656652039
107,-0.8334601653204476,1.0062624205852633,-1.6881555669501134
108,,0.9214422912660775,-1.687673808320265
109,,0.46095374381496623,-1.6905816269041114
110,,0.43147356194851655,-1.6915656534565937
111,,0.41223393374220185,-1.6939332610515883
112,,0.22967208131822217,-1.693251902419668
113,,-0.014825238070241695,-1.6968059633914896
114,,-0.3736086622356912,-1.698281482811031
115,,-0.46788651089030003,-1.6986038513453172
116,,-0.3920347967599284,-1.6999651321371922
117,,-0.6195842056827237,-1.700216193967812
118,,-0.8005064762238452,-1.7015799646953225
119,,-1.041871635027676,-1.7000137635425423
120,,-0.3339812784914373,-1.6979255157269353
121,,-0.25086018763225504,-1.6985298507825624
122,,-0.8332792608576921,-1.7002238502010574
123,,-1.1039647994758266,-1.703600050079626
124,,-0.8890193801106452,-1.7032560801117138
125,,-0.12542207969180175,-1.6963343700628182
126,,-1.0237867271897454,-1.7025466327296352
127,,-0.7812046368288316,-1.6996257113213578
128,,-0.5337419669094328,-1.6979043160071028
129,,-0.9587360405012061,-1.701815124705747
130,,-1.3550346378603548,-1.7060088492773888
131,,-1.3005778779251937,-1.7061852809244014
132,,-1.3818099012583043,-1.707070552784682
133,,-1.7598603167685591,-1.7086948555347117
134,,-2.4419419238818456,-1.714702584922735
135,,-1.9388296884012752,-1.7102908265343395
136,,-1.2048627243634225,-1.7052648977102196
137,,-1.3969956629955713,-1.7056003323614457
138,,-1.846356649926413,-1.708675754920306
139,,-1.4801587343565272,-1.7047158135223317
140,2.4820354775911513,-1.456173711703628,-1.7051025399018072
141,1.8736532451601726,-2.5666920492488368,-1.7145773356143867
142,2.2993983219957213,-2.974620824358216,-1.7161951356133707
143,-0.6993924526259985,-2.3248777787630037,-1.7127955626086295
144,-4.026735948710419,-0.8454552499740108,-1.7043810622562456
145,-0.7985124335123892,-0.02949012595130006,-1.6947598315175278
146,2.0777497773447378,-0.021848547124614648,-1.6929452118487263
147,1.4702817379545892,0.5011705828037836,-1.6886663357171294
148,-2.3144094624427245,0.9442193792950785,-1.6896887328960337
149,-1.2191629281226897,0.9270675757588165,-1.6883393884741913
150,-1.2020135880588656,0.9554617961439501,-1.687705620931252
151,-0.30541726705537986,0.8455377887846129,-1.6895628965545897
152,0.0625536540540148,0.8929637814567185,-1.6903074322783862
153,-0.9597930083052244,0.9347468360355873,-1.6892858705951441
154,-0.36475822051601314,0.9511396230556365,-1.6879333576261997
155,,0.5573151850533089,-1.6899442687509594
156,,0.46488501065756876,-1.6905022035765584
157,,0.3732619568808201,-1.692352848026602
158,,0.07727522817420318,-1.6949819670460249
159,,-0.16426957502542705,-1.695374144592937
160,,-0.22173216304828336,-1.6970539356416403
161,,-0.017368282191265082,-1.695372652989691
162,,-0.11445138437590442,-1.6951905251778268
163,,-0.6560093624511081,-1.6998918805322965
164,,-0.6262820884165429,-1.7003946937596537
165,,-1.23100500763182,-1.7043371123729052
166,,-1.0181053843411365,-1.704528557232847
167,,-1.029146321878253,-1.7019926580328417
168,,-0.971007980194728,-1.7030947632100284
169,,-1.3735619849340979,-1.7076837177046211
170,,-1.0218820257691095,-1.7025644929008863
171,,-0.33583006051635933,-1.6989832548401356
172,,,-1.6944857346773843
173,,,-1.6938876553892115
174,,-0.4801143792593156,-1.6988828597868
175,,-0.9311173629515224,-1.7018070445253966
176,,-1.388651412979776,-1.707971757676246
177,,-1.30854872402178,-1.7044485756264491
178,,-1.2915019327009336,-1.7041680661876613
179,,-1.757285559586311,-1.70815782143405
180,,-1.311461363159147,-1.7040570343183277
181,,-1.0244775824705543,-1.7026961366027682
182,,-0.9984613035898462,-1.699590216840877
183,,-1.835582071583402,-1.7106321693680824
184,,-1.8856740413259918,-1.708961484068114
185,,-0.5761345568567322,-1.6994259081707335
186,2.7750691624644834,-0.995882447617308,-1.7019501450821617
187,2.4816296332609578,-1.6299045074363876,-1.7049526818999832
188,0.8118421120586214,-2.147620345809112,-1.7107820079801603
189,-0.7607519703097787,-1.7482761515990213,-1.7095693510759526
190,0.37565155583585685,-1.2311361937784944,-1.7054511481008947
191,0.45071563023486627,-0.6829802470340255,-1.7012520725781768
192,-0.11137939007615616,-0.32872577907353356,-1.697583662025177
193,0.8091836503820131,0.14302349594941569,-1.6935494529952773
194,-0.7744463502917802,0.665425758241251,-1.6920247583104582
195,-0.3170208605738374,0.8139178864314045,-1.6883131554445066
196,0.5008036733790111,0.9123241165248056,-1.688633184579651
197,-0.3312786959652274,0.7447216898225943,-1.6888849448836178
198,-0.5284282717394961,0.8165566772216599,-1.6914109305781275
199,-0.2046131008036598,0.8640253010041459,-1.68872802983358
200,-0.7714961488075289,0.9132310719557943,-1.6900750634869597
201,-15.014283185794355,0.7667502845674634,-1.7014195608974778
202,,0.654574776343612,-1.6909026937084495
203,,0.5087031848843877,-1.6914219720643686
204,,0.19378907779741764,-1.6927767150571613
205,,-0.020239904956968917,-1.6969495568337614
206,,-0.047989959292270984,-1.6981131602342079
207,,0.06737043850661924,-1.6941798323906043
208,,0.15269547490945298,-1.696417666235354
209,,-0.024881497336884217,-1.6953733382752654
210,,-0.3066792647876772,-1.6975236078326679
211,,-0.8504374318297864,-1.7022341936067926
212,,-0.9870597936780001,-1.7018214844545598
213,,-1.0958274910092556,-1.7039336322689753
214,,-0.5951957792213604,-1.6997350548346484
215,,-0.7750182707566515,-1.700382378157259
216,,-0.8364546777475955,-1.7016254321096753
217,,,-1.69632457058158
218,,,-1.6979832507309358
219,,,-1.6967987633784123
220,,-0.7629697931416098,-1.7003795083305249
221,,-1.2668232463207452,-1.706820632242669
222,,-1.9901830101432758,-1.7082814428200825
223,,-1.3168830283471642,-1.7056311161362052
224,,-1.5555259901120173,-1.7086796036469059
225,,-1.500364803380594,-1.7052178196733614
226,,-1.2386646398580947,-1.706071698238898
227,,-0.9631016819480651,-1.7041419953150743
228,,-0.9438867134268218,-1.7007812320506257
229,,-1.5124900617342096,-1.7079421578461664
230,,-1.210197282906126,-1.7046475280610907
231,,,-1.6955187593943086
232,2.606479279700494,-1.2915012749395705,-1.703923990135643
233,2.3593255486093794,-1.2195247174978558,-1.7031831277752976
234,1.498921011230307,-1.5129225916612052,-1.7058975936682415
235,-0.29333283775237096,-1.2679816082444493,-1.705014453739907
236,0.8234527328696544,-1.8086324386052777,-1.706762079079633
237,0.37837595597535545,-1.2771081673886324,-1.7046281680474369
238,0.049380408608400206,-0.05994171539967404,-1.6974276221902573
239,1.560875581182436,0.2012075799432879,-1.6926500761172103
240,1.8350172677631162,0.4192116733031664,-1.6909074903755854
241,-0.11803594847955834,0.5789190277466124,-1.6914849446969311
242,-0.07791622650895214,0.8377044910277577,-1.6893726944261647
243,-0.5956149614710489,0.8521631014579287,-1.6895815272018513
244,-0.8605181228555061,0.8495625697700909,-1.6896832009711442
245,-0.17763294288435905,0.8277482163825552,-1.6891497874030084
246,-0.9323546722201379,0.9327586616108318,-1.6883874386516855
247,-1.378317104693525,0.7703515598480751,-1.6909176941783375
248,,,-1.6953944502319214
249,,0.7867127458396866,-1.6903160753306152
250,,0.34558523692046034,-1.6924772147186942
251,,0.04620434874404494,-1.6954411412015522
252,,0.12755684222669367,-1.694463710134175
253,,-0.0013027231432378638,-1.6963953590720744
254,,-0.28053670052365,-1.6975805824177517
255,,-0.0682470053261586,-1.6960425871310554
256,,0.11721642459932044,-1.692457757725476
257,,0.015710429036033695,-1.6964216978055922
258,,-0.007282926768992147,-1.6973927457309381
259,,0.045460087037759556,-1.6945809178495725
260,,-0.12995322031534057,-1.6952320143282984
261,,-0.32677015769685536,-1.697561425189262
262,,-0.4527128664834594,-1.6986291851259223
263,,,-1.6950321743424699
264,,-1.0941759307403671,-1.7047681932902434
265,,-0.8910563078897304,-1.7000054266371483
266,,-0.5026922876281359,-1.7016605044341453
267,,-0.43326675722125363,-1.699473277911641
268,,-1.3410618987968488,-1.7047682648551579
269,,-0.4705391807137512,-1.6978013136466015
270,,,-1.6933522775964456
271,,,-1.6942418184358858
272,,-0.9067262798020969,-1.7020393000619198
273,,-0.6313366695010713,-1.7005293395570689
274,,-0.6211272974986032,-1.7013416109506783
275,,-0.9844180247156392,-1.7016737728750349
276,,,-1.6927044682499082
277,,,-1.6965819236722446
278,2.409667316038745,-1.3805822349324335,-1.7043330911928753
279,2.136487182559785,-0.9236239149680157,-1.7016535362248029
280,2.3355550321998844,-1.3271000437616576,-1.703902428019161
281,1.6714583815004176,-1.8298962499576454,-1.7092850304445657
282,0.8192570487831548,-1.1443330886530096,-1.7027139018261586
283,-0.7395242020332597,-0.24297300567349311,-1.6966654232601426
284,-0.17001005193989993,0.4474517570078528,-1.6903936693531685
285,2.6761063520678166,0.04460786759421006,-1.6926091480302237
286,3.070694884835677,0.1732231217745378,-1.692644113032792
287,-0.3527639493106176,0.44822415007534344,-1.6920578358027452
288,-1.3437060831136298,0.8818112911480842,-1.689395761535297
289,-1.1542622798227349,0.8931801596782324,-1.6880808806337773
290,-1.2669541060849516,0.8708918390965911,-1.6899399142536422
291,-0.21632226633636575,0.8758696147389471,-1.689125994372837
292,-0.4988619299025352,0.9218363493096348,-1.6904009464670027
293,-1.2660568255534215,0.8955053145395977,-1.6908199197579699
294,-0.9618503623807149,0.9198345800726289,-1.6896751012293074
295,-0.8526349682808076,0.8212797452706532,-1.6906882273749848
296,,0.7889494672800655,-1.689418724758885
297,,0.7810204837121174,-1.6885966322392814
298,,0.3244919850857355,-1.6914872521886906
299,,0.0449335343621394,-1.6943836380047523
300,,0.0014192733833356015,-1.6955078612773153
301,,0.027022410935152286,-1.6953811733592383
302,,,-1.69684828678618
303,,0.2770691056579312,-1.6941259073821107
304,,0.11982193660489485,-1.6946504985608026
305,,0.1696697355092965,-1.6944606940580886
306,,-0.3067783917760104,-1.6974844547430903
307,,-0.41675809425315347,-1.6978095855907662
308,,-0.23612489541410295,-1.6973713017745735
309,,-0.3447007210911332,-1.6972677381815207
310,,-0.41216923515631276,-1.6991712142110722
311,,-0.3892070311265549,-1.697343840981475
312,,-0.1820095081278937,-1.696954751117831
313,,-0.1433350385978746,-1.6972427711236608
314,,-0.5958149690596849,-1.6993062833250472
315,,-0.10880624887438435,-1.6964277912280954
316,-0.26048400091532997,0.006537844223558659,-1.6969391382958365
317,0.20838191561515407,,-1.694315474770088
318,0.007842470936936685,-0.8714617887614786,-1.7034767256606551
319,-3.0041555236608035,-0.5802533816356772,-1.7026075117006962
320,-0.7189382020503503,-0.3935922994109241,-1.7002463223600013
321,-0.9706810051815804,-0.23232782680450217,-1.6980211203096915
322,-1.8710145765550479,,-1.6972426251327934
323,-0.2982594747476055,,-1.6961974461592764
324,2.173890087723652,-1.2693672931483948,-1.7035071283663266
325,0.5201523475310705,-0.6323279174725743,-1.6991893510067246
326,2.9212930858077124,-0.7690608793286522,-1.6976880843993247
327,2.8014941614144235,-1.3393010524678342,-1.7033242012601748
328,1.363767989549324,-0.8973428513424213,-1.7014639024561584
329,1.0257580887967617,-0.6633969423610895,-1.6981173817956874
330,0.9566386539866705,-0.17041514474286942,-1.695202645917266
331,1.2088545796159065,-0.344965782491355,-1.697277242393709
332,1.427671664038624,0.18439691135344263,-1.6929425379671632
333,-0.9817752686290757,0.6228619580749067,-1.6912602052032704
334,-1.2098692527186836,0.827260672476237,-1.6892672515234783
335,-1.3376550940220677,0.8322496694199449,-1.688845664896258
336,-2.0896948171047853,0.8734713686770319,-1.6926298761265328
337,-1.437890224104852,0.8873712941154537,-1.6910101558553523
338,-0.21871123792419622,0.9012902070931033,-1.6891036556793126
339,-0.8453389368563458,0.9275501913071958,-1.6894535275081382
340,-0.779268797000086,0.9555166733389849,-1.6897395925764978
341,-0.7648861104691331,0.9172594956012594,-1.690280256029224
342,-1.6896990665797764,0.853369643480277,-1.6914009599945277
343,-1.2871285185948782,0.7887561858959407,-1.6906524893008816
344,-3.1159321891910805,0.6806954601966272,-1.6933521842082446
345,-0.3936131029630836,0.5983505399334571,-1.6909430630097075
346,,0.22501963787813628,-1.6931669037368253
347,,0.056443977734054226,-1.6962748987806842
348,,0.3959981187795648,-1.693006626818902
349,,,-1.6957221574011734
350,,,-1.694801902449984
351,,,-1.6958389627525674
352,,-0.017647982447201428,-1.6960609486424782
353,,-0.10812403278683265,-1.6964730339952154
354,,-0.034831401920902096,-1.6954021772560215
355,,-0.09409258317721124,-1.6969208770148918
356,,-0.11670552444363527,-1.6970564058181488
357,,-0.3206782601709953,-1.6985570048327618
358,,-0.08751277971017696,-1.6962388841389018
359,,0.07128011644780574,-1.6951186368518885
360,,0.45180479637183657,-1.691894736335153
361,,-0.06952361290187353,-1.6962783207360608
362,1.051846471734379,-0.5451210250593168,-1.7005298954257635
363,0.48919618001760323,-0.7748758475996708,-1.7005986582593966
364,-0.18833273209736978,-0.7251927081458218,-1.7031197035748498
365,-1.4928326682703528,-0.4592401226821479,-1.6993102027105411
366,-0.45566147467065976,-0.054602544001616134,-1.6970034240059808
367,-0.8845322116296002,-0.0688756380221158,-1.6971929759571074
368,-1.168300595030165,-0.40674750370751656,-1.6995563664197924
369,-0.4484636811617708,-0.4336629347460993,-1.6981513243794009
370,2.5232335795310252,-0.9549472926714365,-1.7008787697329115
371,1.5531210527964527,-0.3341122035591242,-1.6971121195439858
372,2.9055175262813613,-0.31676580967254875,-1.6950132735886951
373,2.455689738317043,-0.6907225696713977,-1.6983388040137513
374,2.285134260455174,-0.9250643348663216,-1.701009909914488
375,0.9962760316804888,-1.2513168766299163,-1.7056963130374176
376,1.057150643635441,-0.7660374206264261,-1.6999631915630786
377,1.3625543388657118,-0.11324151032784337,-1.6948144602271136
378,2.976727776394468,0.34499416436093816,-1.689862233507973
379,-0.103835229042744,0.4861007670950657,-1.6924926775392444
380,0.9944665359676526,0.708477268275102,-1.6884846822696558
381,-1.0750684315966805,0.8602540566123437,-1.689102237779758
382,-0.9667967489922225,0.9350577307690593,-1.6901172517769907
383,-0.9029898793763218,0.8761327522838599,-1.6896385598267218
384,-0.4278154983230804,0.891546989022148,-1.6882236060451041
385,-0.9487600302557624,0.9298451497445875,-1.6895558711483094
386,-0.9724343883070672,0.9334041902394948,-1.6893781256737066
387,-0.7033696392452384,0.8991460285094196,-1.6891287233877026
388,0.2177226661426519,0.9193856187475928,-1.687928708786691
389,-0.40340637147244696,0.9292078047884036,-1.6896205586437865
390,-0.8588480879409937,0.8902258904923248,-1.6906545871418042
391,-0.3984690614842621,,-1.6948376935155145
392,-0.08201202377361705,0.7376520763802549,-1.6900486966990853
393,1.0301051535768488,0.5052934021713268,-1.691147273155187
394,,0.6830865340102197,-1.6902116425239029
395,,,-1.6952894208449216
396,0.7466584757490122,,-1.6948890786720787
397,0.5749852784106473,,-1.6960846194209973
398,-15.00842206182278,0.3228524972770843,-1.7072806848690536
399,-2.038387324739067,0.026246294688303078,-1.6978425813453994
400,-1.7534524018698816,,-1.6982015099287595
401,,,-1.6954228562373506
402,,0.3219493851572007,-1.693690410064433
403,,0.26151226506896985,-1.6949940670687422
404,,0.20840110797787822,-1.6946217979613858
405,-2.938017827426952,0.23925653157428334,-1.6948758835138962
406,0.6158392253057263,0.5672562074510111,-1.6928401226521155
407,0.7356126240170364,0.39497310026724636,-1.6922139293263683
408,0.6209879317885547,0.10865553234417201,-1.69501609856604
409,0.03217072935376786,-0.20003939412349592,-1.6947910029958462
410,0.8864263098667169,-0.11884534700081037,-1.6970221968843073
411,,0.0178324543083024,-1.695240593506492
412,,0.2863967109135358,-1.6950023462467996
413,0.04272403729692309,0.31837695516059666,-1.6930667852118466
414,-2.5068356026476666,0.030841073177749062,-1.698453568613009
415,-3.596164884256054,0.03183166463881603,-1.6988932180494842
416,2.599044504080361,0.2493131834786405,-1.6928682291784234
417,2.703561172173221,-0.6146190055189822,-1.6963338466456166
418,3.786786671503535,-1.4790108182902417,-1.7028144868576474
419,2.9469550962722195,-0.9815760163712665,-1.699785767546736
420,2.3255715811983655,0.082726272671714,-1.6913262638443731
421,1.803600641938604,-0.021639146032896087,-1.6948100001107091
422,1.2961559186651685,-0.8608792367917248,-1.701638783959566
423,1.3780289187014234,0.06526798799836638,-1.6950302426819415
424,2.4524133067437925,0.29609852668241493,-1.6905516332801092
425,-0.04535806439666201,0.4080236684215551,-1.6913952259001015
426,1.0328140079474966,0.6591054721877977,-1.690760243883979
427,-0.30260371294159505,0.8252136765436608,-1.6905925961450192
428,-0.9242861660358646,0.9564227712356488,-1.689509266331198
429,-0.14193554130304475,0.8931073719443127,-1.6898646134871758
430,-0.3268677950037109,0.8754201542037836,-1.688740988735003
431,-0.726492266687305,0.9660662850892209,-1.6888192143440997
432,-0.2440582962052713,0.9337807408167307,-1.687529924643898
433,-0.38907980461099845,0.9333836915122722,-1.6889709867474376
434,-0.24940094717141603,0.9446215907321203,-1.6884816468857768
435,-0.32429036578526516,0.9202431019887634,-1.6892289622404066
436,-0.17121001668465397,0.9561575527633751,-1.6878707649154157
437,-0.5631819437991763,0.9871716533511019,-1.6889694956602352
438,-0.11523874640298315,0.901082763269988,-1.6868308078847785
439,0.47849243005601316,0.7930539874656206,-1.6899072207362766
440,-15.013208222194963,0.7448800341210499,-1.7024945244968694
441,-1.9466983597577219,0.7281827672758479,-1.6897113118197822
442,-0.47856603475470116,0.8607262689711274,-1.6893846207722376
443,-0.08192142767986166,,-1.6963109923620434
444,-1.733305338109194,,-1.6969404950331068
445,-3.895903058857497,0.9880535200683582,-1.6912423372322203
446,-2.189096556887419,,-1.6979204911292667
447,-1.8165849823257627,,-1.6959917690170565
448,,0.3863632073410502,-1.6919968831785348
449,-2.2858922176556757,0.4349712742814522,-1.6926505127751412
450,-1.733719750037635,0.5857933657385641,-1.6914648889522719
451,-0.4132287241259629,0.6565059471631232,-1.690434001467695
452,-0.8585620294302267,0.7301659586008594,-1.6922061604946184
453,0.20906729873336882,0.7221289466549623,-1.6907025591538307
454,-0.04637482071137056,0.6202735345469073,-1.6919268194079602
455,-0.5120940494874153,0.5605480124813106,-1.6919977031498536
456,0.5537690185228015,0.3127357322620502,-1.6918742597613756
457,-0.255241411001601,0.3178448793686231,-1.6935076933469746
458,-0.3861180827174553,0.34051340431059646,-1.6952777502050285
459,-0.1115552574289671,0.2907990078193716,-1.6930429783503678
460,-0.45555249477067905,0.12031601308355555,-1.6939727616304678
461,-0.8341915764582666,-0.2539250799721914,-1.6972266434260423
462,2.5702456460311143,0.7453007555724165,-1.6877468457733127
463,2.7540220732677936,-0.6290787908504698,-1.6981384459849491
464,3.6246558705417926,-2.0261696634331035,-1.7080742619675329
465,1.9405815515584712,-1.3946173617952078,-1.7040410732846294
466,-0.08694886144488789,-0.8225947937862957,-1.6996916413568204
467,0.01573014534013506,-0.5372488519770898,-1.6993483943067098
468,0.6305251376775485,-0.6144925614863939,-1.7007601111279107
469,0.5853746616930007,-0.3331190438264413,-1.6980001303370427
470,-1.950107369788026,-0.2605590300291125,-1.6974681107979581
471,0.16973757515615606,0.045400279838197645,-1.6951543616686156
472,0.9587007378579102,0.509776722107548,-1.691976705399759
473,0.339660400397491,0.7057415528142184,-1.6898373298661682
474,-0.8900520875842819,0.8655483910801114,-1.6901346124303194
475,-0.7292135251671112,0.8998610470114057,-1.6903545123798958
476,0.27756605398804135,0.9151386193827535,-1.689386102499189
477,0.5348826720755246,0.9635844189468136,-1.6891756045540804
478,-0.040648621121645245,0.9316602179965982,-1.688353335897396
479,-0.1305107016951692,0.9442367257906145,-1.6903006762178845
480,-0.08442897802007332,0.9746736689125498,-1.687283478008156
481,0.11820017824816054,0.9756073927887405,-1.6888557371329274
482,0.48095110701007115,0.9575843039915288,-1.6868794027163487
483,0.03703241538685775,0.9669722462472197,-1.6886866212687093
484,0.08599072145601605,0.8580217603823189,-1.6903176015348624
485,,0.806423676030838,-1.6899186560924961
486,,,-1.6953742540650472
487,-0.7925896985167578,,-1.6969433081189216
488,0.03201853731796067,,-1.6962745868779576
489,-1.161436738308212,,-1.696196013819499
490,-1.340529750141478,,-1.6971266831830158
491,-1.1767751058381997,0.9021583813350852,-1.689686360204124
492,-0.3766222111603845,,-1.6959844302487108
493,-0.14954993366727498,0.8698835678797396,-1.6880765580727393
494,-0.46381173982084656,0.7829219466218734,-1.6897319112645628
495,-0.9330902820811016,0.7420213456720518,-1.6907057550304827
496,-1.861111408293004,0.7597476055610459,-1.693288738731742
497,-0.6512500294884402,0.8398698831503738,-1.6918080786733998
498,-0.002316601374056315,0.9292722443112191,-1.6896090093356255
499,-0.8430080937627289,0.8960207075966518,-1.6913230808289292
500,0.7692106082611452,0.4481448635698399,-1.6907584734173005
501,2.165433936966366,0.47906774738145885,-1.6892086373563504
502,1.855937836292898,0.23967065440595253,-1.6918215123529783
503,2.5580059132512742,0.21659954936937711,-1.6915842097374971
504,1.622879723391681,0.32714485886908967,-1.6911598134971055
505,-3.3760263588374864,-0.0686464108943879,-1.6985878663987841
506,-1.119902845973618,-0.07573360203220003,-1.697325464817199
507,1.9580010368997747,-0.3164972948504837,-1.6963676375434678
508,2.7707591243127068,-0.7268700578138094,-1.6983757190514046
509,2.722676758585018,-1.1668323036152128,-1.701782425165756
510,1.6884848544039983,-1.7324464373687545,-1.7063304584877526
511,0.23299294452792374,-0.5548690001349478,-1.6990738466797064
512,0.28208095749566864,-0.480164617775504,-1.6997601911280327
513,0.5732461361112224,-0.735661264077548,-1.6993827770214724
514,-0.44563037481916057,-0.6619062730611878,-1.6989730628948403
515,0.7634427708549394,-0.3938651835619101,-1.6990218356457987
516,2.7727141017189543,-0.20607624565049074,-1.695014543661687
517,3.442761515865809,0.006591920236521151,-1.6925735743938706
518,2.778787694248193,0.14893020866209203,-1.689711674760958
519,0.9568878552304696,0.8086128479988101,-1.6888812766622603
520,0.18720741243602124,0.890278288669874,-1.6910321498762966
521,-0.13050290790490937,0.9108282323031983,-1.6887672264735134
522,0.6964204692493534,0.9252513810255081,-1.6876962634204504
523,0.12538388634367204,0.9113325445019858,-1.6914535392562553
524,0.5440171726564111,0.9133074589813294,-1.6872439873074485
525,-0.2770568381506555,0.9373219965485462,-1.6877361741473664
526,0.5406211276385902,0.9868567174915732,-1.6864760027687569
527,-0.298649068281553,0.9764821238013792,-1.6885066962466153
528,0.373887974496129,0.9634144507606683,-1.6891924212123752
529,-0.026859292620970976,0.9150759249914825,-1.6890280314476331
530,0.17553496522728773,0.8303584499572122,-1.6884893176145475
531,1.1762190385436746,0.8093987258334042,-1.6890543903663848
532,0.5152184327417935,,-1.6929022604295125
533,-1.1358316951555643,,-1.6973177810237223
534,-0.28309060193311764,,-1.6952110638365294
535,0.443367416427042,,-1.6946713840244843
536,0.7486969869216331,,-1.6946185932883293
537,0.2526520880666303,0.888635658607016,-1.6883290101014938
538,0.4707983618339635,0.8998780740260234,-1.6865488492300045
539,0.9060437196238915,0.9071162658950134,-1.688552212437918
540,1.2892297994978112,0.8860342111823535,-1.6866041376198846
541,0.00875002222323129,0.9235268371993582,-1.6893457276058894
542,-0.2243654971819251,0.9602130957368483,-1.68613129456285
543,-0.008003441412056223,0.9792440099656429,-1.688534890380979
544,-0.6096627368190646,0.9309156958234308,-1.6895768081354632
545,-0.4327881576722432,0.9142294422955112,-1.6905267653038065
546,-0.4173427198358435,0.5466215467911245,-1.6919224890595952
547,-0.7211386684074004,0.40584578533094423,-1.691415031068156
548,-2.3122339381003965,0.4093079366851576,-1.6932944096584617
549,0.11372910059853902,0.09980962999186668,-1.6944967683979675
550,-0.17239661776785287,-0.006457286018785917,-1.6945758223160676
551,-15.004588732567811,-0.19558068256282554,-1.7111140141240209
552,-2.3464387257482833,-0.2662900381043472,-1.6970730136756098
553,-1.102623570082205,-0.4409596531968991,-1.7005675778085698
554,3.0335809093282804,-1.5364180539565975,-1.7057114676604548
555,1.9506080083935866,-2.0720816907080524,-1.709403808415797
556,1.8496188329591745,-2.96052105454555,-1.7160682465555304
557,0.903178686162323,-1.5153778772303756,-1.7071372699251104
558,0.257935163073991,-0.5598317565966914,-1.7005007672393282
559,0.25638138462280224,0.21790414075101244,-1.6928327531254153
560,0.003131145036804117,-0.2792596990851313,-1.69700466342139
561,0.36428901974274774,-0.16432111105411487,-1.6954011587785822
562,2.36036236493846,-0.26715105156685776,-1.6963641203399054
563,4.859986542720831,0.01305546734793056,-1.6920920585151946
564,4.371666660895392,0.5196238196622218,-1.6873658370635192
565,1.4899118504083078,0.771953777834433,-1.6877607527565353
566,0.941982204084705,0.7413318817322208,-1.6890422765467763
567,-0.06561595066575077,0.9069381547724003,-1.6885434346535133
568,-0.11295815989851654,0.9235674193095378,-1.6885207018068917
569,-0.4731417291872857,0.9018920973268325,-1.6894557252970424
570,-1.147873499437393,0.9061369827257538,-1.689465946445716
571,-0.5051753987776162,0.9722492088492017,-1.6884739094520225
572,-0.3797483821016159,0.9390909118200312,-1.6893497629065488
573,-0.48723947849156035,0.9172672803841126,-1.6889756372594078
574,0.3688290004406807,0.9146375730486358,-1.6889276695691653
575,-0.13511730017739598,0.9270128443025233,-1.6879400082496334
576,-0.05235281339547715,0.8304130930255263,-1.6885360148166684
577,-0.1912515497352829,,-1.6953013269919135
578,1.1554355386762833,,-1.6965254784696264
579,0.2713613099958083,,-1.6941069642937974
580,0.15711103828065642,,-1.6951600470479147
581,-0.07732881408316405,,-1.69557559266624
582,0.09213576847353533,,-1.6957316522348425
583,0.7362220540535902,0.9118269978397489,-1.6876908867932339
584,1.1311445042300106,0.9318532193111534,-1.686924298737903
585,0.1273768040906189,0.9333737343383871,-1.6887802785430737
586,1.0028226053223408,0.9281288016900237,-1.6869127090192664
587,0.5737726179481384,0.9712530507407829,-1.6887820613327098
588,-0.015329714431733699,0.9863558279352482,-1.6883106284710583
589,-0.09647240387193223,0.9904356432397454,-1.6865257429092575
590,-0.03849920546935648,0.9300218365550248,-1.6891545638407481
591,-0.3997072507374888,0.9328775179785216,-1.6895001495075859
592,-0.453128950432395,0.8638455978076303,-1.6893703358829815
593,-1.8814652832071705,0.6217515256605879,-1.691305889354162
594,-2.355570519273325,0.5290067803250665,-1.6933242634966574
595,-15.006141250622559,,-1.709561496069273
596,-10.827616160999966,,-1.703629215694729
597,-15.001313769276265,-0.8283007169353803,-1.7143889774155683
598,-1.7628811978540297,-0.8744850375759864,-1.7027067070366402
599,-0.17016146302816137,-1.0846169425136511,-1.7034747452195993
600,0.373689444443551,-1.5213219133160663,-1.7041796019537696
601,0.31089170738517335,-1.7384468468717789,-1.7080905692399426
602,1.8228801513227624,-2.9881440605484575,-1.7166907756905314
603,1.1599769598239584,-3.174135103498148,-1.7180151857799413
604,0.17255003064192964,-1.2969306544775556,-1.7039263045009776
605,0.1564398536210212,0.16497493732820628,-1.6931421908507163
606,-15.007747586210574,-0.2372684979930112,-1.7079551604812597
607,-15.006913288448677,-0.06987256662071854,-1.7087894582431553
608,0.8983192709892975,0.6566535057327739,-1.6892194963722302
609,4.851772382141663,0.43486381290335024,-1.6893274293922473
610,3.931562580923151,0.37727925675522145,-1.6896742922542227
611,0.9926350497722036,0.37472892661254226,-1.6934944701924894
612,1.2274173901184922,0.7148896060816861,-1.6890903393780534
613,-0.37370349152445836,0.9091301071225645,-1.6877649842742928
614,-0.3211524077848513,0.9308915093467837,-1.688937954890516
615,0.006751493886914872,0.9211411286194402,-1.6878512464213224
616,-0.7350270428891958,0.9221280150598781,-1.6899754028881433
617,-0.08574285848216334,0.9426537100445388,-1.6877789706353608
618,-1.3494359228884951,0.8684903089982755,-1.6910627959793334
619,-0.25922491182995344,0.8723669632713813,-1.689397241591376
620,-0.19386430449483427,0.8763693311768692,-1.6877693571042498
621,0.3112861136518985,0.8996992420645937,-1.6889164477367846
622,-0.3248804128242462,0.8690245796095759,-1.6878615794519403
623,-0.025665872629962116,,-1.6954044231752434
624,0.44383037157652794,,-1.6960831080907894
625,0.8571624326903926,,-1.69419661092357
626,0.3271414018674399,,-1.6935434911049132
627,0.4060275713632251,,-1.6945532561485752
628,0.13916086649755055,,-1.6961081704074885
629,0.40427005473785194,,-1.694355225726744
630,1.5731159972780384,0.9401105452139192,-1.6857403185936999
631,1.459277689722003,0.9481113113266922,-1.6870018904485296
632,1.082580592152505,0.9528939266752433,-1.6877243158353177
633,0.33037450541476554,0.9437780317299164,-1.6880496778514285
634,0.1126583902406959,0.9405001915699719,-1.6886392346088377
635,-0.27512370491455984,0.9500909367987918,-1.6866826774760069
636,-0.3128472426959048,0.8474559332983433,-1.6905815899395242
637,-0.7906618344178673,0.8004480066261411,-1.6903772504998869
638,-0.7906563121007695,0.763642331411971,-1.6900354769785186
639,0.20038543182411805,,-1.6949972603656438
640,2.178894121239249,,-1.694640436302828
641,1.768443055635566,,-1.6943895596500014
642,0.7273087927938748,,-1.695402040927062
643,0.7452196954807384,-1.2438119183385625,-1.7030246137664709
644,-1.2012682024598473,-1.3139517515344554,-1.707284633294145
645,-0.7664651053883555,-1.303655417529012,-1.704488087618426
646,-1.5405511574384905,-1.5292166769580433,-1.7069068850743467
647,1.4670087791630364,-1.845267474517349,-1.7084875765052607
648,2.5178363097472602,-2.537927567126582,-1.711832687402541
649,0.19491068089532115,-2.294073804110136,-1.7130879524395035
650,0.8020499790954618,-1.5165855106786128,-1.7063637358414065
651,0.7101158656981044,-1.1414658064115832,-1.703662264591717
652,-0.6355190761290244,-0.9305823334189219,-1.702314041781508
653,0.792124947230084,-0.33311893238457524,-1.6982533856776
654,3.1278831914272103,0.47186418829850224,-1.6884443736849055
655,4.580040942731517,0.3097173758907544,-1.688023516947974
656,2.6679818629306866,-0.01260022580825161,-1.6930013452661292
657,2.690472863342606,0.07649321648029571,-1.6941581525683367
658,2.4979498452698783,0.5982041621400916,-1.6898337832314698
659,1.0808283507978902,0.8725844949917309,-1.68813561251221
660,-0.2856505829060838,0.9584131080085658,-1.6892148189787184
661,-0.1386379176321868,0.9443124078444289,-1.6890914384996014
662,-0.9984483607088706,0.957660590259474,-1.6908841573725766
663,-0.8093650756335018,0.8962609784630843,-1.6886774422802797
664,-0.48707201632579045,0.8351489397865317,-1.6899153117177366
665,-1.0328096682442158,0.8701854952460962,-1.688552411020475
666,-0.5112960980032542,0.8851542566997399,-1.6879252298530694
667,-0.01226728696934476,0.8803874863483012,-1.6895136795445038
668,-0.13489578745004138,0.9071974307775806,-1.6887291781510165
669,-0.4307538695467348,0.8385881313393041,-1.6909396510220174
670,-0.9398612727843307,0.7782367522658288,-1.691205539820803
671,-0.5500873671575466,0.8071368794065147,-1.6910133685099593
672,-0.7870877286831397,0.8456595959134557,-1.6885913893746303
673,-0.04383513039582754,0.6178137403540952,-1.6904328541357139
674,1.1416700141759337,,-1.695255606481243
675,1.00013076129511,1.0015322897178986,-1.687076008480159
676,1.063391708560494,0.9753795034910935,-1.6872384770781919
677,0.41750826129790086,0.9470140597408789,-1.6877737390887788
678,0.01499611614841223,0.9252675993639697,-1.689070655423318
679,0.2953145999817801,0.8242018751580342,-1.6880747014357245
680,-0.5768289149711183,0.844872227504464,-1.6889273018117683
681,-0.6464612467614872,0.8834362310986372,-1.6912098864196503
682,-0.5545838269764864,0.808842833861251,-1.6892794797305062
683,-0.6999273619499649,0.77375368686315,-1.6916375463081237
684,-0.915533326882088,0.7927618397045301,-1.6897120609346212
685,-1.0454963701530593,0.7400569410181695,-1.6913658105358373
686,-0.11410339915080936,0.6515758773145399,-1.6899263714092563
687,1.7686194820640049,0.45185584416885594,-1.6894141154196003
688,0.5053126613376655,0.140847340877755,-1.6930923812465355
689,-2.3693983001295167,-0.24365086277097853,-1.6983111341397354
690,0.3443301585483858,-0.025610098609569292,-1.6960402900312042
691,1.6225709765047194,-0.19702011851986195,-1.695928439726409
692,-0.8432803829789917,-1.503314212203916,-1.7066319897307023
693,2.067548237781268,-1.0888686138502737,-1.7007439652905214
694,2.7790492110767726,-0.772726693144058,-1.698265866817735
695,2.0153252494498086,-0.25758622101116074,-1.6961693979048775
696,2.2952326050275618,-0.8571390180506449,-1.6994430889141423
697,1.480179005870077,-0.7563396889481658,-1.701306735374288
698,1.2205573374185672,-0.7798399897283868,-1.6996114219507035
699,0.11899864906076951,-0.40149238469361487,-1.698530151938992
700,4.115098379702342,-0.14676123095457322,-1.692114913570143
701,4.747012300818215,0.09450382272227047,-1.6899466415788869
702,2.252655831676676,0.49583351993084845,-1.6911110609621705
703,3.5966981121476818,0.6657104829709757,-1.68738837987409
704,4.205150258341416,0.6837738709852922,-1.6861288884627743
705,1.882219463233137,0.8275591875006219,-1.6876811182317215
706,-0.5831401383059056,0.8885966760049585,-1.6906124140739447
707,-0.14815536529250473,0.8697658813944048,-1.6904563659031857
708,-0.7945331298075611,0.9098458807688702,-1.6890494543817163
709,-0.7616029224591938,0.87868427070654,-1.6891292444338426
710,-0.7642364324671647,0.8180138243871089,-1.6899272262271967
711,-0.8859824809986248,0.844260102205796,-1.6888781943015652
712,-0.629702830752179,0.8856194996748871,-1.6865651259479164
713,-0.2985603118063138,0.8840468150325236,-1.6903428047756976
714,-0.9803453306198486,0.8965857426417068,-1.6887855397328635
715,-0.4780419073253448,0.7718640753356385,-1.6880303973537412
716,-1.014033966272656,0.6514913441366268,-1.6920241285528177
717,-0.03642652916055811,0.6970540097084165,-1.6902756929755804
718,-0.7896867135832997,0.7759543885388547,-1.6908934582672044
719,-0.9006593059750947,0.6433524682637629,-1.6908013621819216
720,0.14647278792157836,0.7527445618188034,-1.6898777011646573
721,0.9282351533727731,0.9534154651063067,-1.6892074167022473
722,-0.09618234687788796,0.9089303825485632,-1.6899209643579574
723,-0.18844343984933243,0.9057819425916949,-1.6902288884569425
724,0.8735025654387574,0.9278813519624652,-1.687912066200352
725,0.9405247956890395,0.857967723643607,-1.6880076710915481
726,-0.03332199327917085,0.8827946993406401,-1.6905289544469415
727,0.2602305521180379,0.8846635620364387,-1.6888415735327749
728,-0.842135588733381,0.8380075688801308,-1.6901181570947965
729,-1.2937510936473622,0.8301252219622725,-1.6909709638777686
730,-0.7456871328304633,0.8339698553624736,-1.6915427483416612
731,-1.0533307656498794,0.7486003915112228,-1.692178376075943
732,-0.8671918110929395,0.6576089464237962,-1.6909628445404228
733,1.2573229045689747,0.4535470949355,-1.6906440124865383
734,2.4735449101053395,0.3811274119094799,-1.690458929932313
735,-3.377154984681244,0.09692506988012356,-1.6974834649912587
736,-1.8272980787128912,-0.1001069772382043,-1.698851769617391
737,-0.9902048435233395,-0.20663454799397046,-1.6980157645407328
738,-0.1328817018461863,-1.7189838538311883,-1.706928058630001
739,2.7113840299092713,-2.0203210934051876,-1.7083522320425886
740,1.9359464963849613,-2.068898257233304,-1.7102056462678386
741,3.2514704146878652,-1.527922906866085,-1.7039249751005914
742,1.3632333430934147,-1.3611585603531002,-1.7059047669464054
743,0.5012492930214321,-1.1927809166431351,-1.7038584958592216
744,2.6743674491635834,-0.7463267821236539,-1.6979481278595636
745,-0.5453507811620675,-0.1266807395333161,-1.6952743938350285
746,2.928303268771209,0.046862978027921845,-1.692336786485794
747,2.902613045611415,-0.31743897017653444,-1.6969369555365947
748,2.426776490741929,0.16678693377035975,-1.6926202806944375
749,1.8595191059116678,0.5891520849408586,-1.689140539231858
750,2.387930334123174,0.689786484093962,-1.689362537833703
751,-0.5123161450465714,0.8127977859370117,-1.6889076210204779
752,-0.6596057854217352,0.8712256151234006,-1.6881066908596403
753,0.20413380632458855,0.8496735212455953,-1.6883215795429498
754,-0.16318988788002153,0.8446735313408035,-1.6903465433857086
755,-1.1219048509988028,0.8236402884343601,-1.690061991948137
756,-0.041459486149335145,0.7415235730662808,-1.690750506913191
757,0.7452461302567546,0.803752057096241,-1.6879411840835765
758,1.0239618491949511,0.8742739583424243,-1.6865063412819494
759,0.14636202191968284,0.8830173176743034,-1.6897567905911226
760,-0.8998787282046603,0.9048170857039404,-1.688584819136891
761,-0.746714483248486,0.8290371630376379,-1.6898690147344724
762,0.02347244820415373,0.7737923492632891,-1.6907607146766463
763,-1.2089421780961485,0.7815404418651017,-1.691763948846207
764,-0.8181125247894045,0.8461987513613362,-1.6895410941414017
765,-1.2660188921590865,0.6214807711432131,-1.691851542674539
766,-0.5633028067954293,0.44109875530801956,-1.6912865317726662
767,1.5314238660534552,0.7264359594968501,-1.6876653801625832
768,0.3907100301265407,0.8760387896947618,-1.6883321853033162
769,0.11283524348038698,0.8566083138835657,-1.687199589169841
770,0.7493677058920234,0.8462328391653854,-1.687896293645521
771,0.5735638282021558,0.8559116420825644,-1.6917842834904588
772,0.25536873957243555,0.862342812465127,-1.6896360230643592
773,0.18063678195220456,0.8662779358544654,-1.6886569329766214
774,-0.12587724659715382,0.8198584569778771,-1.6897734313229003
775,-0.9196792967048086,0.8639296994040473,-1.688728794373532
776,-0.7881863215534155,0.8822407637209576,-1.6892329560045993
777,-0.8420619649455645,0.9423077483576764,-1.6904408457551028
778,-0.3770467070599781,0.8678713740496632,-1.6905408880472197
779,0.5698896368386919,0.7822035643350587,-1.691357596110652
780,0.3282446562642991,0.5768449413254717,-1.6918426757002427
781,-5.004329994258036,0.14185812315178647,-1.6977923918093767
782,-1.9646897110937651,-0.021796576363511032,-1.6971168447307536
783,-2.0577482404433725,-0.12334402273607012,-1.698317691271866
784,2.4728890333778177,-2.1448669442125796,-1.7114062007999615
785,2.8297029446818653,-2.08294761650333,-1.7104921314882908
786,3.319317022274842,-1.6759623572125597,-1.7053726046892994
787,3.106786728968529,-0.9439069037555957,-1.700173694180601
788,1.8302406821166457,-0.6540166569009492,-1.6988537057410855
789,1.8676810791813363,-0.828837587897524,-1.6984142770847241
790,3.246900015321417,-0.6183065327848872,-1.69641375240283
791,2.384591317489356,-0.3672038708895194,-1.6960480594764447
792,4.465100211973444,-0.21718717854382147,-1.692865445821293
793,4.362450415460807,-0.6982599184929414,-1.6966934239989457
794,3.3658271562021036,-0.15840551494040445,-1.6933891425824719
795,0.4099869428113969,0.38707344654616993,-1.690562514943998
796,0.2228691163434542,0.5960665178671384,-1.6906501353715175
797,-0.2862255720328917,0.7189495096556942,-1.6907012514290651
798,-0.679011385589428,0.7741751412907915,-1.690301507415942
799,-0.17138109762006248,0.8074293783444352,-1.689035644183423
800,-0.5327198209935022,0.786276394534827,-1.6888747739380732
801,-0.8174137173674012,0.7268490748683755,-1.6913349426918063
802,0.3529861497129083,0.48785611090838243,-1.6929565123952308
803,-0.07719869619714981,0.7211162310241903,-1.6901975052733682
804,-0.4394309425258136,0.8711771381544895,-1.6886800705459926
805,-0.5901771354692453,0.8708830252261694,-1.6900386493905089
806,-0.6310041005134952,0.9090927497114124,-1.6886103809110882
807,-0.7931638229083404,0.870983696460133,-1.687994062399486
808,-1.0754978878138965,0.8846006392386617,-1.6920509617182176
809,-0.4032752426598849,0.8633127880952375,-1.6881906990812743
810,-1.0561439866924536,0.8781390820582392,-1.6915781275558133
811,0.33890828873444034,0.7930648552171663,-1.6908151594283833
812,-0.25550103258410006,0.6811138541909831,-1.6897977609681747
813,1.4681304613690254,0.7216904434138215,-1.6887416147538061
814,1.8923785678405076,0.774007589554673,-1.687961839550554
815,0.33257592445485384,0.8640282883466227,-1.6883351565389022
816,-0.2939581529514408,0.9117904709959043,-1.6878097125527098
817,0.343787445310086,0.8684861638704223,-1.6881687951075175
818,-0.29077053048913504,0.6919603095570103,-1.690576592343327
819,-0.8979768416588518,0.7590320836321949,-1.689929770139139
820,-0.7121371451511012,0.8076266655155737,-1.6889731244081032
821,-0.8513054444715844,0.9158615733872915,-1.68842093087103
822,-0.8463055796507737,0.9936596094743158,-1.6888225767063874
823,0.18273162499849915,0.95516238099089,-1.6866665471676987
824,0.11957924050194935,0.9004436865932465,-1.688081533074069
825,-0.5562493210427784,0.6130209173730862,-1.6902303323740713
826,0.3700380518912896,0.20784338654377216,-1.6955024893600987
827,-0.9715561404265305,-0.26978952620987817,-1.6983379421085452
828,-3.185288545008918,-0.6573086225430074,-1.7029952000405024
829,-2.3324785204996803,-0.45558888721183527,-1.7003267096234655
830,3.1085427198434954,-2.4831778273856546,-1.7082823839172425
831,2.782233449072308,-1.761772994985838,-1.7059585552233805
832,2.372586565903134,-0.7636699426329403,-1.7009421777185352
833,3.1090969097913583,-0.039752265989518504,-1.6937029301608089
834,2.7095583893583273,-0.012186023219097173,-1.694096948319346
835,3.064188373664983,-0.8134293694256106,-1.6994001656922184
836,3.978172817611912,-0.7411350044883354,-1.6979502652646001
837,3.8820293139838027,-0.608267309674238,-1.6982543102058154
838,4.654244220572796,-0.3254350986784589,-1.6953271917533936
839,4.104226308662647,-0.5841249568190638,-1.6966560259881174
840,2.4257330917589206,-0.1409401097654988,-1.694024371791424
841,0.43456721352020455,0.036113102242129616,-1.6939851747793646
842,-0.8651704301788152,0.41978637453716056,-1.6935052600854443
843,-0.4174412734909323,0.6459312977135034,-1.6917852943469587
844,0.26175153028827003,0.5362351404985785,-1.6894721128212278
845,0.31971436025688504,0.6014314728158477,-1.6916316618295784
846,-0.49157461361611166,0.6631388875746628,-1.691777786639133
847,-0.546679151007492,0.6652875573168904,-1.6910672802677627
848,1.1360002565040919,0.3833263421998441,-1.69077765932314
849,-0.030159042164578764,0.7593349141311241,-1.6888803691885208
850,-0.8096526071253574,0.9143689916561525,-1.6888054371714196
851,-0.28434580912560525,0.8639236467271375,-1.6886879352654085
852,-0.051787307154972595,0.9024301825081141,-1.6895493265513544
853,-1.0270613555249897,0.9009226543803511,-1.690435341761108
854,-1.1350657442878327,0.8858575655368169,-1.6890883561067558
855,-0.2259229387779702,0.8964963227907774,-1.6879663624819197
856,-0.7538378733813191,0.8777698650767538,-1.6894918202788005
857,-0.6802985751274355,0.8699223458264113,-1.691345759056267
858,0.06286738680772341,0.8063199598058964,-1.6888963326457438
859,-0.06324315283002235,0.7599639153271087,-1.6891896383037057
860,1.5842858228324168,0.759983063501902,-1.686967944645025
861,-0.2419399986562647,0.8620348319426553,-1.6883922238646798
862,0.08925543858253526,0.8442036560139881,-1.6882752831095174
863,-0.44644969083762387,0.7425114252274639,-1.6907264199163266
864,0.8234764646645827,0.7711134193223752,-1.6876135161325074
865,-0.5998622336167507,0.7963634959786198,-1.689556218631889
866,-2.326777478820911,0.7797363073207818,-1.691286809272177
867,-0.291515804712867,0.8330487284879312,-1.6888915621758653
868,-1.1025441653612837,0.9242333032599422,-1.6904648203141297
869,0.3043960246620596,0.5124330188455728,-1.6919664776410934
870,1.596474215260629,0.2068281686554934,-1.6898486530556796
871,0.04233393167479882,0.5701693346818363,-1.6908247938374263
872,-5.331104909059298,0.026772544457817387,-1.7008738265534564
873,-2.7885701086294503,-0.6822543196747866,-1.701886689652487
874,-4.459504926601175,-1.1016756056405026,-1.7065770574836285
875,-1.0465107471631603,-0.7888438501649858,-1.7015348317395902
876,2.411940827814837,-1.7848636938170728,-1.7071501455467384
877,1.835046586597501,-1.777527039531595,-1.7072975033200704
878,0.7732126560910526,-1.2669024833348042,-1.7060629721175533
879,3.3160603179584123,-0.6408911768431673,-1.6974888756827613
880,2.9430837652266018,-0.44006748099775983,-1.6974518740637288
881,2.989458029498968,-2.264774364453519,-1.7099064171821468
882,3.745187899396785,-1.494363008942938,-1.7034172323852295
883,3.9263308759784428,-1.1018685175327663,-1.701018070537254
884,2.998727471824064,-0.490288254391633,-1.696252223412222
885,2.13078420191972,-0.3078108120915172,-1.6963018568902035
886,2.7885177219106567,0.0511216792187703,-1.6935373067822255
887,2.039768197558602,0.14903506406738254,-1.6916036569748567
888,-0.9952682117891709,0.2695662885241573,-1.695280660336372
889,-0.42158747597591084,0.40995096652522195,-1.6929736715492765
890,0.14388693547738418,0.41581951525322114,-1.692905093081131
891,-0.2804187647604959,0.3699077142836839,-1.6922410846594014
892,0.311371595857751,0.3324389748259226,-1.6925026465036233
893,-0.4922432345056982,0.42372091428146075,-1.6918474471931242
894,0.491512503926963,0.28868332613000075,-1.69234994811126
895,0.9730477109541269,0.5827342436514543,-1.6898875512271965
896,0.1592829777046294,0.9127120876948903,-1.689706082148544
897,-0.7794767178071758,0.8640535295865931,-1.6895641767853642
898,-0.6286483525960591,0.8567869515278614,-1.6900985961402222
899,-1.62193782812205,0.869812200689353,-1.6902419000583966
900,-3.9805874264921464,0.9048878424635418,-1.6912399719575069
901,-1.3125786290285086,0.9266064173808068,-1.6879462078196692
902,-0.2829454567581666,0.8922211488514454,-1.688413960681902
903,-0.8364937441991604,0.8791395885687904,-1.6895336308626219
904,-0.9327641494517409,0.8925284029958122,-1.6899581840091369
905,0.20170912677692776,0.8292017959289183,-1.6901648929482578
906,-0.1056413402005143,0.5614200812127776,-1.69137933441209
907,0.07234484140536379,0.6798617646735531,-1.6889811515727877
908,0.5079648288274696,0.6015554539651508,-1.6875297072192814
909,-1.1374423460240228,0.18169942898660157,-1.6945947747451011
910,0.47625698575771125,0.2848794250639148,-1.69386447900576
911,0.43857528342249186,0.5984497590481083,-1.69010082745405
912,-0.5670666000446078,0.6957393656861341,-1.688436295738974
913,-2.0724793802577848,0.8069294931756632,-1.6911158113664875
914,-15.01417315060563,0.8441718659810012,-1.7015295960862018
915,-5.810379428494411,0.261151412157015,-1.6978986834684406
916,-15.006811183951871,-0.19277167082467506,-1.7088915627399606
917,-4.070751240733792,-0.034949569592305496,-1.6997974139161809
918,-3.3317490413540103,-0.3301203531104759,-1.7016187237292477
919,-3.3856295006625743,-0.391917153471668,-1.7009562532249376
920,-1.1464875183694323,-0.8700291499327651,-1.7033714844540415
921,-1.6849503731555657,-1.3012659235283808,-1.7057042886583171
922,1.6698147056310944,-1.3466982202544717,-1.7037010256864016
923,-0.0627165591481198,-2.038755962900388,-1.7098083495199035
924,1.1886523807245055,-1.1747340526626724,-1.705056276001854
925,3.2489032607733273,-0.5614330100784246,-1.6964474276104384
926,3.205389114909748,-0.6424020170615239,-1.696200529714117
927,2.9431882649202934,-2.296094552128926,-1.7090279936158235
928,3.112764936405252,-1.492475412246074,-1.7048085288666677
929,2.1012804448140034,-0.42673408603755936,-1.6979071865673212
930,-6.7909783892138815,-0.3925221436136473,-1.703454227201043
931,-1.6885079764351403,-0.08112346185348808,-1.698011157592127
932,0.7973022035051773,0.20501533366771774,-1.6919161733879255
933,0.24438539735223097,0.4386685009974033,-1.6913330780213829
934,-1.8003204219550537,0.16441414988160444,-1.6965817186232635
935,-0.2953908487441499,0.09349928026389553,-1.696227344287498
936,0.5236915204550767,0.19628508498274544,-1.6928558668061335
937,-3.267230725291978,0.2773091838194103,-1.6955448866131593
938,0.7930685467711518,0.24899712648051414,-1.6922298625542123
939,0.3869266995602896,-0.09231097108376107,-1.696381839579643
940,-0.8431444819578191,0.21501675167042847,-1.69399053070268
941,-4.469392911702949,0.5171495243122833,-1.6968177565062212
942,-0.8702751677430989,0.8040270897559794,-1.689129474764155
943,-1.3984333235770086,0.8551146005793652,-1.6913689125363103
944,-0.5203393504042495,0.8755296322347607,-1.6882156692328347
945,0.21521826168714364,0.8633467347618465,-1.6888841257992808
946,-0.21924321526720325,0.9126017963560998,-1.6904659676920755
947,-0.5845510770788973,0.9423498182174093,-1.6882539750786898
948,-0.1992236125205582,0.9071196790317667,-1.6887293532119736
949,-0.3009474904193752,0.8948144770466793,-1.6899621975304162
950,-0.8201443613765314,0.908776617763171,-1.688572202740354
951,-0.429615413365942,0.8420448472175286,-1.6894647032231072
952,0.06748597517110655,0.7698156917452553,-1.6907491200573899
953,-0.45828926368422174,0.7052458328027498,-1.6916884035547608
954,-0.34585494667448957,0.5560763713084125,-1.691151163682698
955,0.0686319421620567,0.6232212120569343,-1.6908236327912658
956,0.8116329821621173,0.4902202980369996,-1.6896385736937263
957,1.2142890406626425,0.1814097685563758,-1.6953522597666453
958,1.2417843714536128,0.3245172514373038,-1.6927081995479285
959,-0.2304556818054322,0.4301706444402529,-1.6916720857175707
960,-0.7339645489229492,0.4218490710876514,-1.6933770299562256
961,0.273822389595078,0.011440242307096823,-1.6951657512152192
962,1.112624740894335,-1.0605967156864247,-1.704057949495459
963,0.5181621408698596,-1.2537845877873308,-1.7059420105236491
964,-1.332593241456138,-1.2704953618029204,-1.7059664620864519
965,-0.6497829032868268,-1.2114047262126078,-1.7037574173647827
966,-1.0607210196648689,-1.19824069782808,-1.7056991409484281
967,-2.786089514299089,-1.4074916860858526,-1.7101192097277085
968,1.5032393646224567,-2.7066251177638847,-1.713318450319376
969,-1.3138603337709291,-2.6442816790532504,-1.7165269736734659
970,2.2339307269070225,-0.4073730407365089,-1.6965945572949446
971,2.5461457226444937,-0.12493996221974711,-1.6955062618609875
972,3.2568133496047653,-0.9318781380115486,-1.7010045880885083
973,3.3561056776207567,-2.2284639007014633,-1.7113094650112899
974,3.501904201644018,-1.1017391810630441,-1.6997115581164939
975,1.1707174953756985,-0.524071612146105,-1.6998909659985253
976,-15.005251039662584,-0.4365014403818802,-1.7104517070292493
977,-0.2146980152878335,-0.086858516209081,-1.6958660190039236
978,-2.9565586300596016,-0.02342253550413053,-1.6978817650154945
979,-1.4481473967042073,-0.20466081349351187,-1.698053629875287
980,-0.7909570567076205,-0.12358253600281986,-1.69511822971895
981,-0.49072455557641037,-0.0010577828378713384,-1.6933891584578384
982,0.425623339506509,-0.06623423788715621,-1.6963424042397905
983,0.009207648769339993,0.24418213790812732,-1.6928608072397024
984,-0.5075392711155318,0.36885393489360496,-1.6958847597818418
985,0.5979610171844016,-0.10422985502108678,-1.6949756044086233
986,0.7763732612435046,0.08776735049041783,-1.697912242743344
987,0.3088538543557964,0.504997416393209,-1.6905054469657217
988,-0.6838447650347019,0.7125642707603801,-1.689899694158877
989,-0.11092646612453017,0.7968533217355884,-1.6897963591150593
990,0.2200306691191356,0.8838848067684333,-1.6896754725209742
991,-15.016476784952163,0.9485430322122181,-1.6992259617396706
992,-0.8528228012923647,0.8898415178896859,-1.6877397221133794
993,-1.0602861398948362,0.8518095356693164,-1.6894689012930784
994,-1.5493741132010888,0.8701923191339621,-1.689998901338506
995,-1.2255026622234992,0.8890765541944463,-1.6885710615347238
996,-0.752410924514975,0.9063156076073025,-1.6902510409861744
997,-0.9145607612882962,0.863149584834182,-1.6883827113053482
998,-0.5095006105695226,0.8128313824093802,-1.689962418786655
999,-0.27793288646050396,0.8824624435739835,-1.6884749084952242
1000,-1.2414499144087143,0.9189799372579451,-1.690159826730962
1001,-0.1852624436754997,0.7980066362151259,-1.6897302934539473
1002,0.5505420078491778,0.47148983663927224,-1.6916928131262121
1003,1.1763800609423658,0.34317312622486484,-1.6908534464397098
1004,2.279325726980682,0.267225595256676,-1.6922505100560798
1005,0.6316934813299531,-0.0675827753145509,-1.6967414182670695
1006,0.7661373779617797,-0.6009191169440097,-1.7029389629817167
1007,0.3648787899362689,-0.44726879794218194,-1.6986386624711964
1008,2.295934008155786,-1.389080468955152,-1.7042895879666344
1009,-1.9217929070246296,-1.4811068110925394,-1.7091552498678428
1010,-15.001214929622419,-0.9173167383252486,-1.7144878170694136
1011,-2.5928750259183957,-0.5033909784443157,-1.702671648490972
1012,-1.342213221234391,-0.37288425925426294,-1.6984448046524823
1013,-1.7103488529169173,-1.2505963347143305,-1.7067238507852014
1014,-14.98982476183646,-2.245251699422152,-1.7258779848553725
1015,-5.2158652804764,-1.9039576623363803,-1.7146631632923983
1016,2.4895881695417743,-1.006175209978128,-1.7006599122396169
1017,2.8750759951669886,-0.8412210774428235,-1.6991484390596883
1018,3.3838934321237004,-1.1770959559981398,-1.7021336890940586
1019,3.5424486519974687,-1.3223810696100278,-1.7020097610355558
1020,3.8768081998768196,-0.6800529662523146,-1.6968388918242392
1021,3.145525079994287,-0.6799759823055561,-1.6978817003552782
1022,2.209559197726483,-0.2791625527542605,-1.697339546316315
1023,0.6406285364790545,-0.11519501942327032,-1.6951118808075725
1024,-0.047517370522934144,-0.10309676522583379,-1.6957769172308723
1025,-0.5111022788221926,-0.404904763925777,-1.6998789307505433
1026,-0.5181555011800669,-0.11027139110174647,-1.6972353642165054
1027,-0.8365165419681748,0.017346676699620766,-1.6971451396625548
1028,-0.3898436724126193,0.1973661234418268,-1.6937086596453963
1029,1.639182115772621,0.41854818257724197,-1.6908644233626142
1030,0.27257714649894327,0.4507563075690957,-1.6909921348624197
1031,0.7205889532111498,0.516438919139414,-1.690869243832439
1032,1.0507333115918467,0.6405315500137532,-1.6905636105272601
1033,-0.3062988735199248,0.6656914718884102,-1.690083608939791
1034,-0.613099305071847,0.6259671840943918,-1.6899053858982906
1035,-0.12271848654891393,0.7232979632635167,-1.6907987904940986
1036,,0.8534203348799656,-1.6907085516507088
1037,,0.9375714365578437,-1.6881340998497074
1038,-0.8709460256601971,0.9410465410078452,-1.6895259457957457
1039,-1.3147933095896738,0.8384308017067923,-1.6910749918459984
1040,-1.0581631586911446,0.8587747475237066,-1.688659979263018
1041,-1.2730744365758149,0.8657123055606751,-1.6895067025685913
1042,-0.23718326219647956,0.8770564922535942,-1.6902382985812765
1043,-0.814030175647785,0.8728862358214264,-1.6902509597144615
1044,-0.9387787781188841,0.8713372991352615,-1.6898810119193628
1045,-1.9848502007356528,0.9513324448485354,-1.6882092425916173
1046,-1.1898778228188815,0.9425811984617528,-1.6896042662261184
1047,0.05848137213772997,0.8667434766755493,-1.6891564508192998
1048,-0.07809721192796193,0.47830703520202295,-1.6905415399886474
1049,0.23973759256944005,0.07272399970414012,-1.6961933152123656
1050,3.3267884492419064,-0.0625305162776541,-1.692232517300524
1051,2.063482515430857,-0.682414324841957,-1.6969309811771458
1052,0.48623418841538246,-1.0763100911293928,-1.7023928010116272
1053,1.7548757340835532,-0.9427415357556468,-1.6998984729919817
1054,2.774513659381286,-1.4204850004122345,-1.7057491763803192
1055,-3.1456979126235,-1.7073989780304746,-1.7118836364404768
1056,0.9286846239870576,-2.3424915289701467,-1.7127588052867706
1057,1.2505517789031408,-0.8077515119465556,-1.700119442093059
1058,1.1533017345643564,-0.42648909439920807,-1.6969970004370467
1059,1.9952460247137764,-1.1039751055660356,-1.702702053816106
1060,2.513054508979456,-2.1401234121869193,-1.7092273081030784
1061,2.7136025136851476,-1.6883907642956824,-1.7065395967383306
1062,3.452687480278953,-1.2022370088569723,-1.703062729188434
1063,3.2566469456184786,-0.8893970720424118,-1.698510198474065
1064,3.475579026288743,-1.5527673707673002,-1.7054881028397295
1065,3.3448953247539372,-1.4888323090928997,-1.7034590205438018
1066,3.1734926931290715,-0.9858465461384776,-1.7018674437355494
1067,2.6753307752648037,-0.7161051251820024,-1.698164299797044
1068,2.2222201945800855,-0.3228377312578244,-1.6956950555821657
1069,1.5796095067882616,-0.003443752717016786,-1.6929494440422552
1070,1.269501199795339,0.16044098832358325,-1.6934643688880808
1071,0.04113312503749267,0.26143745708261923,-1.6953515000856088
1072,1.0149752498337095,0.15134844486906887,-1.6923809788926378
1073,1.085530799477513,0.01316519265084147,-1.6938817074012023
1074,1.3637730961695302,0.3898238529989971,-1.6903182747070624
1075,0.02849332526781101,0.6715135114565921,-1.6892371666017019
1076,-2.308070358419221,0.7778796038999687,-1.692839493341933
1077,-0.8764584001159204,0.7671078646324679,-1.6900477799057207
1078,-0.5301310707919864,0.7048287813889771,-1.6924555306298084
1079,-1.2611552619148023,0.8143155230702671,-1.6924178004843975
1080,-2.3328772795685007,0.8459127871712122,-1.6896330717439993
1081,-1.305946267946759,0.8643998633978458,-1.690249819101367
1082,-0.6778234498673488,0.9421532961296247,-1.6881517831578252
1083,-1.0421180478668104,0.905033864092613,-1.6903297658193084
1084,-1.1971649984157802,0.8943082338124085,-1.6897090436021238
1085,-1.7095886175955841,0.8515052450976991,-1.6908050616913075
1086,-0.8999603400004803,0.8571438632648253,-1.6923982036205671
1087,-1.4589310397021915,0.8663085237214168,-1.6922418615193031
1088,-1.056721354121124,0.8749963563214576,-1.6897572901235323
1089,-1.6268583366978935,0.8700531910140549,-1.6908076428109082
1090,-15.01450686031327,0.8742975379684125,-1.701195886378563
1091,-1.4646447647449694,0.8953965079333884,-1.6903053849486511
1092,-1.907673566045296,0.8700452883722547,-1.6912238406400988
1093,-0.3172127382922323,0.6893298665868199,-1.6912976601100598
1094,0.3318753625518682,0.3494278360563462,-1.6925333460258667
1095,0.24216533135849172,-0.05396954300224475,-1.695330798381259
1096,3.4054162693528967,-0.12526512804704049,-1.6935541568522785
1097,-0.07974983938798852,-0.615098339153853,-1.6987183204371337
1098,0.13870658640035316,-0.937861800950076,-1.701303797731242
1099,1.180453838648016,-0.9308289243140252,-1.7013875889819967
1100,0.7407422584098513,-1.0748671110915902,-1.7023275842311694
1101,-1.7960928710223003,-1.2255547992941584,-1.7046441287829959
1102,-1.515923902539634,-1.5811458487240597,-1.7093625509927883
1103,2.1606119555962344,-0.8734047579856414,-1.699270869759746
1104,1.726776822034204,-0.5896142061078392,-1.6986798954258533
1105,0.07860508181338277,-0.5912811028814537,-1.7002049001564745
1106,2.5071975504872657,-1.8827002893130902,-1.7063158441723403
1107,3.390848749442148,-1.6793381895082053,-1.7033832927961226
1108,3.42167892612404,-0.3618631832409135,-1.6945743151867663
1109,3.3062927303291336,-0.09261859798671908,-1.6935578425692877
1110,3.172242808154528,-1.182778753493878,-1.7011518068130365
1111,3.2316269570994614,-1.6899617993613298,-1.7053286887071253
1112,2.3854483983107766,-1.1247425767190133,-1.7023854247111567
1113,1.664458595370772,-0.9226298813725624,-1.700203734255709
1114,-0.3690694400660628,-0.29752716772804844,-1.698447114027741
1115,0.38989646813640677,0.31780393823201686,-1.6934527905436751
1116,0.10951003617454225,0.7077582206765104,-1.6903216416558209
1117,-0.050848610623707824,0.667426758262629,-1.6912961171164735
1118,1.0638536211446397,0.4957287098034293,-1.6920571483430276
1119,0.8513637641344762,0.5907038224553602,-1.6897750608867939
1120,0.15597153818224374,0.6154154599031872,-1.6899001753240872
1121,1.1895449105251936,0.6758792402057509,-1.6903877539121386
1122,-1.143478167995081,0.8614264125515567,-1.6879436320395689
1123,-1.40825610147601,,-1.6961823890101935
1124,-1.0008384395456198,0.7459234783648686,-1.6916142776472676
1125,-1.036740560834883,0.8959595177585401,-1.690094899420503
1126,-0.6054151953613749,0.8503788311161846,-1.6882204597343418
1127,-1.0645413898248357,0.869025830644443,-1.6881289784145026
1128,-1.746210631513887,0.9474804044486012,-1.689580372405192
1129,-1.1398885035529043,0.943967461006904,-1.6884359407122131
1130,-1.0741550371382433,0.9885232283792527,-1.6879236857521065
1131,-1.4965503333329067,0.9826953836650135,-1.6897728440141029
1132,-1.2609433785098565,0.9392471127477217,-1.6884834518999472
1133,-0.3875708836776117,0.9295100873298804,-1.6884126408815088
1134,-1.0398053876790199,0.8735504448228698,-1.6910201963595117
1135,-0.7145772044267273,0.8642304261247558,-1.6892285697332534
1136,-1.231386328124744,0.8993094437237352,-1.6885047495594614
1137,-0.9709409831346161,0.8626219275652101,-1.6892414771489714
1138,-0.8525294123358993,0.5241124312454959,-1.690854738922568
1139,-3.181533994445474,-0.20262991002943878,-1.7002712418835888
1140,0.6994863376394287,-0.11207510153928268,-1.695276394213169
1141,0.7617920302628036,-0.09661443353721173,-1.6961744222025785
1142,2.760544382070331,-0.6819469879649821,-1.6983637123715154
1143,3.0137330089111107,-0.8228766469230571,-1.6981854137673362
1144,2.817432220069205,-0.6849779662506487,-1.6975420717605916
1145,1.9572858716808956,-0.9225337026384925,-1.700553461338014
1146,1.9776871192966463,-0.9840713047810232,-1.7013802735210766
1147,0.40564505969985243,-1.2339512667826011,-1.7057087251057046
1148,-1.5337517592651269,-0.5291902128087864,-1.7011677234146165
1149,-0.2207199357954246,-0.6269148374885165,-1.6999005245007526
1150,-1.6671254050355708,-0.7164640973795393,-1.7024717381857974
1151,-1.0969115379964607,-0.5479214741396404,-1.701372302836946
1152,2.4871679653563477,-2.0566233166492447,-1.7090136123203497
1153,2.9872504099355845,-0.8325938575822359,-1.7001981272174982
1154,3.343363413430607,-0.7127642226419331,-1.698103895114819
1155,3.091640143105929,-0.6683703218590178,-1.6989602606157739
1156,3.228284071480952,-0.8851850171598772,-1.6986452766553475
1157,3.3720169441736574,-0.8995919833899388,-1.6993647743623252
1158,2.6887730211286427,-0.5430695178568842,-1.6966855869866273
1159,1.9621082579718192,-0.18470459805267003,-1.6962920451259127
1160,0.9267634719958653,0.37060155731749783,-1.6934566052028908
1161,-0.046215277002086275,0.5755153376806346,-1.6914330716472679
1162,-0.3172975885485503,0.8740933376111267,-1.6908223152789934
1163,-0.5357010538761093,0.7085610281574521,-1.6914844552025765
1164,0.2752362426234094,0.7689271069440529,-1.6904803335913543
1165,-0.16196766943379526,0.5851026376174544,-1.692341343196736
1166,-0.49078176914855254,0.7317655637407237,-1.6901101888672307
1167,-0.6638426546211731,0.887961026205162,-1.6882970180490555
1168,-2.252135423978649,,-1.697081750929158
1169,0.17399309610298008,,-1.6951605762030075
1170,-0.8389914445591851,0.9197295374537277,-1.6888497142604277
1171,-1.7963882705789986,0.971393277259078,-1.6890509882459628
1172,-1.4077379756417892,0.9611205814667498,-1.6884975870100496
1173,-1.6682949994777463,0.9919559118080177,-1.6895942980322332
1174,-1.3118740662541106,0.9603483730254749,-1.6886835836561203
1175,-0.4826109140094679,0.9631714432689538,-1.689375476156045
1176,-1.1077628750517095,0.9705052996489876,-1.687718706025209
1177,-1.1588290229519975,0.9732929747887947,-1.6887158892061955
1178,-0.9481812436594934,0.9516420736707553,-1.6897662388229902
1179,-0.9931063343745739,0.7774654587249377,-1.6926610159717408
1180,-0.7838252730219555,0.8182112162750861,-1.6883532741586174
1181,-0.43027555640359294,0.9082639946976345,-1.6886760605120692
1182,0.002883109686455221,0.6951052356229217,-1.6888791038808422
1183,0.030708730214371815,0.48297180208623025,-1.6928208641745535
1184,-2.0673582372835977,-0.08275923277615038,-1.6987826568738806
1185,-4.3409178849979275,-1.1850168634953635,-1.708753683990305
1186,-1.0598594413071831,-0.7353971367331296,-1.7020944699497287
1187,0.3994409952910498,-0.20398934589061302,-1.697066539321199
1188,0.5751768086022238,-0.8831298765344042,-1.7010421311842627
1189,1.7075893884687352,-1.116809514235595,-1.7042612624893183
1190,2.4561461826324362,-0.9243200253845173,-1.7006237783187321
1191,2.2088853216531446,-0.8886444025160742,-1.6989053644332963
1192,2.5079447003239825,-0.05465120769518494,-1.6931595026138169
1193,1.8224031541614072,-0.3131863828604066,-1.694943230524015
1194,1.1630891641704793,0.07002419116781071,-1.6924825827642804
1195,1.7159256737223632,-0.28407274553129463,-1.6944051210490498
1196,0.6366471460703442,-0.08496215855583167,-1.6947486817544155
1197,-0.4284078606363888,-0.3103788649537071,-1.6995206354390038
1198,2.900686867072759,,-1.6940970694739443
1199,2.60242482479695,-0.44829073162107824,-1.6974932588129015
1200,1.8600690047823558,-0.7310654207882703,-1.6995123937157952
1201,2.727855022391043,-0.919703624350895,-1.699963617394727
1202,2.8877490056626023,-0.7678367968288928,-1.7004711882863155
1203,2.6447540014021236,-0.5033482434502785,-1.6977983471714857
1204,2.5610082430259906,0.06716098791207666,-1.6924755564909382
1205,3.1441911652448584,0.11406936840431667,-1.6927690255250847
1206,2.383991471779267,0.14796817050865094,-1.691002823396496
1207,2.2077815163387244,0.5513950695380775,-1.6889441133313774
1208,1.9393739594673105,0.7055337232292539,-1.6906308617933459
1209,1.9459853103834335,0.915991992034905,-1.6880392573038012
1210,0.6370830460058565,0.9184214712196486,-1.6896713984438183
1211,2.6493425662667454,0.5398394567720406,-1.6867370570478966
1212,2.969946411065172,0.5377381333430411,-1.6900370909319693
1213,1.2516830206328202,0.8895287004022537,-1.6897373988360327
1214,-2.178901980707176,0.9946543921497146,-1.690783760513478
1215,-1.169975625665363,1.002721165182694,-1.6898865410371442
1216,-0.8675144162982655,0.9927685540654743,-1.6891298670488777
1217,-1.1400373411308329,0.9635962255382454,-1.6878981036246279
1218,-1.0409394306745505,0.9440634996744827,-1.6901726782433297
1219,-1.5512907060173982,0.9561460209113062,-1.6894889953876366
1220,-0.7977740211063562,0.9426432033819706,-1.6896067844752796
1221,-1.3684902792227747,0.9371207585883549,-1.6891861402799144
1222,-1.173495601152382,0.920503854753122,-1.6871626671049564
1223,-1.5557926411098464,0.993602961206437,-1.6896641416110358
1224,-1.6294169330914898,0.9288950518969642,-1.6896362729870014
1225,-3.3544822925420856,0.3700475051977042,-1.6949422893443855
1226,-3.337019739397819,0.4888440204402614,-1.6951611344019744
1227,-1.3028006848726412,0.32538524990667794,-1.6927844999676849
1228,-3.095424986925664,-0.11109810640669303,-1.6989413842145071
1229,-3.9267620886557806,-0.4295906697467776,-1.7032872119293612
1230,-3.538844885736954,-0.7161524997912401,-1.7033818345327512
1231,-0.30759276704424465,-0.8707121195399389,-1.7013026598437597
1232,-0.3804338208354494,-0.8165010730454122,-1.7022227983176004
1233,1.916451645827295,-0.6783213258092415,-1.6993533184647176
1234,0.6677669300493445,-0.7988187105442219,-1.6999144871722724
1235,1.0100692977689767,-0.31514414079092407,-1.6973595135295376
1236,0.0818129442273956,-0.3884225783882732,-1.697591273033075
1237,0.3360075367850328,0.06979366739253083,-1.6946800692126165
1238,0.11666378456556759,0.8324906739476249,-1.687142809675542
1239,-0.06467465358997515,0.6349565059565704,-1.6907647710495317
1240,0.18889506415592905,,-1.6967846794696522
1241,1.2845450162546848,,-1.6943241270837732
1242,0.824600246038993,-0.206245425796307,-1.6966438084473636
1243,0.45131457564470745,-0.10438966903964322,-1.6961619478742722
1244,1.8128080085692277,,-1.6937542686342282
1245,0.6515334677696245,-2.01486860953257,-1.710479203354072
1246,2.678586434771405,-1.761171925957089,-1.706313596568058
1247,1.2440166151827983,-1.2461864959011948,-1.7038640463619585
1248,3.004403887376517,-0.6095203710019611,-1.6977738880826287
1249,3.0279381954200746,-0.20807879794934067,-1.6948305398457046
1250,2.7124537858543967,0.23777257558292686,-1.6893638187765954
1251,2.611887308583371,0.04427247734135386,-1.6921048199834274
1252,2.749574406643782,-0.01964470676244214,-1.6941482684934759
1253,2.6717132925570803,0.4616136319898336,-1.6904701425603599
1254,1.9943167990748363,0.6682978076285142,-1.690812120494316
1255,2.218420843217695,0.5522767805295816,-1.6893257913670292
1256,0.05803608002399585,0.19529435443926213,-1.6940094658803841
1257,0.8661960153263477,0.22586784037315838,-1.6931052490781273
1258,1.9796301929981424,0.5115505626843789,-1.6892166230407641
1259,1.2598543871855497,0.786737980519361,-1.6905439822676223
1260,-0.2770581900911404,0.8476986714673387,-1.6885052485300067
1261,0.29149931840459686,0.9612928154680952,-1.68711372617732
1262,-1.066417937943096,0.970504006259336,-1.6894980058222586
1263,-0.5762171749043388,0.9129146061496278,-1.6895748234703205
1264,-1.3343385320446286,0.8848134983595217,-1.6892297064695956
1265,-0.27187314095275816,0.9373034298975669,-1.6886365767572857
1266,-0.6629564668374952,0.9351755945703308,-1.6896683842185816
1267,-1.3226731220149528,0.9309335121515137,-1.6893720970403743
1268,-1.0608031819355084,0.9055077119827397,-1.6900860293228932
1269,-0.8928124810946301,0.9424103558710778,-1.688224940037232
1270,-15.012831809655028,0.771347185256184,-1.702870937036805
1271,-15.009646781016812,0.14573818627960086,-1.7060559656750203
1272,-15.00716211518805,-0.10935826705831618,-1.7085406315037825
1273,,-0.7207885304234115,-1.7002538738451025
1274,,-0.7543410146282619,-1.7011813201001817
1275,-3.6981662909694504,-0.8194648893655069,-1.7027546473020092
1276,-3.010016682990621,-0.8134187695824572,-1.7058405956870202
1277,0.16018366205976875,-0.905027150127235,-1.7028513750605656
1278,1.6503865586461128,-0.9294441107326625,-1.7033411660715476
1279,3.938764963380478,-1.0518424053926032,-1.7012472148867717
1280,2.1456611964719476,-1.1208293535842149,-1.701153465201041
1281,0.34201525159825374,0.26054350423468614,-1.6951944844173534
1282,-0.4075992618335529,0.0964413435881317,-1.695590852691099
1283,-0.7022615214667889,0.5762374120208704,-1.6929998672498996
1284,-0.1561275070372381,0.8757170664234858,-1.6888008833569215
1285,-0.6629344526266463,,-1.6952901114594958
1286,-0.5093035078232866,,-1.6956325652237716
1287,0.11256052890119816,,-1.6946669566094272
1288,0.9155358942009237,-0.2639817369512952,-1.6974437699952911
1289,0.4540154694542431,0.17085119961736697,-1.694011683105679
1290,,,-1.6957459122068472
1291,2.0879520380363594,,-1.6952508138696532
1292,1.5479096615693644,-2.5533408733853094,-1.7129565675747975
1293,1.486357448698938,-1.0367204873227343,-1.702328878896339
1294,0.5460030334199564,-0.4789431627961211,-1.6982166695078107
1295,2.1586084649048205,-0.18557377651313026,-1.6948170418080282
1296,2.4530132355060204,-0.24598741610233568,-1.6952866187040956
1297,2.472488150701085,-0.5762702541286966,-1.6955632855413985
1298,2.6715246702473205,-0.6199972512943218,-1.6995925120117434
1299,2.615154692678215,-0.526269552458276,-1.697314229603591
1300,1.907544883496845,-0.16639757506716618,-1.695555240920732
1301,1.90184321616116,-0.0962851286651002,-1.6941139915693115
1302,1.2447564114569047,-0.13380937664296386,-1.6964139717286382
1303,0.4597241056825001,-0.9496953435306046,-1.7016011461268943
1304,0.854506726469141,-0.8527934051494966,-1.6998785041636868
1305,0.7984390884859422,0.3492041774581339,-1.6946978871460059
1306,0.02411382647729221,0.33830152118721596,-1.6919596425148853
1307,0.8013599836969121,0.17732057440297735,-1.692918747739583
1308,4.121807097876921,0.7075609433403292,-1.6872378161650947
1309,-1.0697711937298102,0.8558899510149244,-1.690349061897927
1310,-0.25389015418913186,0.8718193969056032,-1.6886257235633386
1311,-1.6722807246128748,0.8767359937453856,-1.6888220555887037
1312,-0.8616024423934334,0.9044990640885441,-1.689970159678396
1313,-0.7690808791688681,0.9112243781169364,-1.688551514442516
1314,-1.6380790131779288,0.9564564744228831,-1.6907613564671815
1315,-1.2596708553309632,0.880515145578699,-1.689248110489676
1316,-0.2073571542365502,0.7762127661787773,-1.690829248333987
1317,-2.018194802127504,0.5925896425596657,-1.6929663061287317
1318,0.6748612042433249,0.13563991898281857,-1.6942434857920405
1319,0.005170213493462583,-0.4426179968068229,-1.698650033624886
1320,,-0.464388548200115,-1.7013567767383266
1321,,-0.9568207196483617,-1.700412044075243
1322,-4.356197971702311,-1.4673705752712025,-1.7110624925221407
1323,-14.99729401418626,-1.3461129714062272,-1.7184087325055741
1324,-2.462788405516161,-1.5293927903836122,-1.7098544094851862
1325,0.03391318031182555,-1.4253567126388262,-1.705053166393086
1326,3.150769679127305,-1.362918601695495,-1.702612212511799
1327,1.5527206997996692,-1.5478043955386254,-1.7065492792594836
1328,0.7569473793477539,-0.8525127975680125,-1.7008397986622605
1329,1.6980789875497666,-0.7207381451169714,-1.6995293858432776
1330,0.4871843823113431,0.44254570410645094,-1.6905106694777574
1331,-0.6421788257048453,0.4947365121281768,-1.6926420520895316
1332,-0.6181301983124774,0.40712313835244157,-1.6937405551318325
1333,-0.20052285664596248,0.5043780307993275,-1.6920062459611331
1334,0.10329241593515315,0.487897034153032,-1.691238673212153
1335,0.5353397581388148,0.0774779315112254,-1.6943614997817353
1336,1.0374042980689095,-0.03857303519197245,-1.6973441378207532
1337,,,-1.696086806670522
1338,2.0235169396323376,,-1.6935734651145593
1339,1.457644101802513,-0.7472138822834884,-1.702077163533324
1340,2.219919643289946,-0.215060779545218,-1.6963574342318986
1341,2.7478589150912063,-0.40933501122528504,-1.6946686758450888
1342,3.6333836360750342,-0.22642499142270267,-1.6953018367362642
1343,2.5993892353436996,-0.39879443166248724,-1.6975420312901532
1344,2.145805447892952,-0.9798440923575262,-1.702582748031831
1345,2.4146750762653393,-0.9085156863464667,-1.7011837812506798
1346,-0.23394744232481912,-0.6370225699077801,-1.701844463463091
1347,1.9188320219463229,-0.46064829617600317,-1.696091953159974
1348,2.23618365700701,-0.6888976415215059,-1.6998778772229202
1349,2.1309605831741236,-1.5367737841268894,-1.706076210268068
1350,0.6912694726686914,-1.3933210452772742,-1.7044810033905387
1351,-0.827324841694101,-1.3432916034503428,-1.707531200860593
1352,0.12443930527578839,0.44255000007102707,-1.689684295916973
1353,-0.15947423865190746,0.5612232637794254,-1.6912960738082594
1354,0.381799569105409,0.1432198350040222,-1.6924126742940906
1355,3.6078496368097466,0.46234455866577423,-1.690093569896141
1356,2.3262604695419706,0.7306070477033135,-1.688368837325273
1357,-0.2533137820634135,0.7686113375939496,-1.688967764921686
1358,0.418301442881007,0.86188530231478,-1.6877614230538123
1359,-0.28908906869381745,0.9038741805411674,-1.6884931659418678
1360,-0.19019188844287171,0.8907983555243487,-1.689000257656586
1361,-2.467710073427767,0.9392225503535223,-1.6924334456727659
1362,-1.1889175502435299,0.7862526892463666,-1.6901874787237543
1363,0.48351913513423384,0.6303744979553565,-1.6894933199291313
1364,1.485749180322646,0.7403879131724252,-1.6889344128089692
1365,2.3582503276826845,,-1.6928685878972243
1366,0.6279519368728774,,-1.6945522499634824
1367,,,-1.69590900104933
1368,,,-1.6965327165353166
1369,-0.9558285109971569,,-1.6970380601784956
1370,-15.009056621256237,,-1.706646125435596
1371,-2.0057708926840845,,-1.6973910209248821
1372,-1.5666326767190641,,-1.6983674599738876
1373,3.7847035708475385,,-1.691806899110448
1374,2.3582876318927903,,-1.693872821318976
1375,-0.895709916834329,,-1.6956326349157742
1376,-3.490552597563935,,-1.6976253989695878
1377,1.563397204649473,,-1.6946326857381047
1378,-2.50850724323341,,-1.6991308320249736
1379,,,-1.6939869676635906
